Email Address,First Name,Last Name,Phone Number,College Name,College Mail ID,Branch,Roll No
priya.sharma@gmail.com,Priya,Sharma,9876543210,Delhi University,priya.sharma@du.edu,Computer Science,CS2024001
rahul.patel@gmail.com,Rahul,Patel,9876543211,IIT Bombay,rahul.patel@iitb.edu,Electronics,EC2024002
sneha.krishnan@gmail.com,Sneha,Krishnan,9876543212,VIT Chennai,sneha.k@vit.edu,Mechanical,ME2024003
arjun.mehta@gmail.com,Arjun,Mehta,9876543213,BITS Pilani,arjun.mehta@bits.edu,Civil,CE2024004
kavya.reddy@gmail.com,Kavya,Reddy,9876543214,NIT Trichy,kavya.reddy@nitt.edu,Electrical,EE2024005
